typhoon_name,admin_L3_code,admin_L3_name,pop_15,n_households,partly_damaged_houses_true,completely_damaged_houses_true,total_damaged_houses_true,partly_damaged_houses_pred,completely_damaged_houses_pred,total_damaged_houses_pred
Rammasun,PH030801000,ABUCAY,39880,8619,55,36,91,-114,59,-55
Rammasun,PH030802000,BAGAC,26936,5681,50,1,51,704,74,778
Rammasun,PH030803000,CITY OF BALANGA (Capital),96061,18885,459,32,491,-159,80,-80
Rammasun,PH030805000,HERMOSA,65862,12105,253,13,266,-138,-23,-161
Rammasun,PH030807000,MARIVELES,127536,26106,2,1,3,1895,900,2795
Rammasun,PH030808000,MORONG,29901,5735,61,1,62,110,74,184
Rammasun,PH030809000,ORANI,66909,13407,383,1,384,-49,-26,-74
Rammasun,PH030810000,ORION,56002,10950,1009,345,1354,116,34,149
Rammasun,PH030811000,PILAR,41823,8355,234,76,310,142,63,205
Rammasun,PH030812000,SAMAL,35298,7049,730,10,740,-33,89,56
Rammasun,PH031404000,BOCAUE,119675,24278,2,3,5,-100,170,70
Rammasun,PH031409000,HAGONOY,129807,28281,123,33,156,162,193,355
Rammasun,PH031410000,CITY OF MALOLOS (Capital),252074,51851,2,5,7,216,374,589
Rammasun,PH031416000,PAOMBONG,53294,11287,53,1,54,9,85,94
Rammasun,PH035406000,FLORIDABLANCA,125163,24260,36,4,40,76,96,172
Rammasun,PH035413000,MEXICO,154624,29911,3,1,4,199,106,305
Rammasun,PH035414000,MINALIN,47713,8651,11,2,13,17,17,34
Rammasun,PH036902000,BAMBAN,69466,13100,1,1,2,243,185,428
Rammasun,PH037101000,BOTOLAN,57707,12271,349,53,402,121,-55,67
Rammasun,PH037102000,CABANGAN,25163,5130,76,11,87,188,-40,148
Rammasun,PH037103000,CANDELARIA,27174,5338,13,1,14,32,-33,-1
Rammasun,PH037104000,CASTILLEJOS,64841,11672,39,1,40,-23,22,-1
Rammasun,PH037105000,IBA (Capital),50506,10722,25,14,39,43,-13,30
Rammasun,PH037106000,MASINLOC,47719,9616,10,1,11,103,-88,15
Rammasun,PH037108000,PALAUIG,34947,7384,59,5,64,207,-44,163
Rammasun,PH037110000,SAN FELIPE,23183,5235,44,4,48,275,-54,221
Rammasun,PH037111000,SAN MARCELINO,33665,7871,128,8,136,170,-56,114
Rammasun,PH037112000,SAN NARCISO,28360,6609,42,7,49,15,-3,11
Rammasun,PH037113000,SANTA CRUZ,58151,11991,32,5,37,-285,-78,-363
Rammasun,PH037114000,SUBIC,104771,20103,88,73,161,-275,227,-49
Rammasun,PH041001000,AGONCILLO,38059,7161,1535,140,1675,673,427,1100
Rammasun,PH041002000,ALITAGTAG,25300,4689,1201,86,1287,549,176,725
Rammasun,PH041004000,BALETE,22661,4364,2081,175,2256,1143,896,2039
Rammasun,PH041005000,BATANGAS CITY (Capital),329874,67357,420,121,541,2467,1342,3808
Rammasun,PH041007000,CALACA,81859,14996,3231,189,3420,1775,820,2595
Rammasun,PH041008000,CALATAGAN,56449,11948,1150,92,1242,566,165,731
Rammasun,PH041009000,CUENCA,32783,6736,2289,13,2302,1375,420,1795
Rammasun,PH041010000,IBAAN,52970,10249,1355,177,1532,704,129,833
Rammasun,PH041012000,LEMERY,93157,16520,73,1,74,866,734,1601
Rammasun,PH041013000,LIAN,52660,10432,3050,239,3289,1197,472,1669
Rammasun,PH041014000,LIPA CITY,332386,59063,17635,505,18140,2775,2415,5190
Rammasun,PH041016000,MABINI,46211,9097,58,11,69,207,175,382
Rammasun,PH041017000,MALVAR,56270,9737,2201,861,3062,2030,734,2764
Rammasun,PH041018000,MATAASNAKAHOY,29187,5671,1707,103,1810,927,309,1236
Rammasun,PH041019000,NASUGBU,134113,26374,7736,727,8463,2847,3369,6216
Rammasun,PH041021000,ROSARIO,116764,22196,5946,480,6426,2439,532,2971
Rammasun,PH041022000,SAN JOSE,76971,14778,2423,100,2523,1369,508,1877
Rammasun,PH041023000,SAN JUAN,108585,21346,8201,639,8840,4301,565,4866
Rammasun,PH041025000,SAN NICOLAS,22623,4042,1398,170,1568,1157,266,1423
Rammasun,PH041027000,SANTA TERESITA,21127,3938,970,27,997,562,94,656
Rammasun,PH041029000,TAAL,56327,10772,1414,197,1611,537,30,567
Rammasun,PH041032000,TAYSAN,38007,7435,739,110,849,526,125,651
Rammasun,PH041033000,TINGLOY,17919,3648,256,39,295,118,74,192
Rammasun,PH041034000,TUY,43743,9217,380,26,406,1975,526,2501
Rammasun,PH042101000,ALFONSO,51839,10694,682,153,835,1795,28,1823
Rammasun,PH042103000,BACOOR CITY,600609,120092,9188,586,9774,4360,-602,3758
Rammasun,PH042104000,CARMONA,97557,18012,792,74,866,1478,175,1653
Rammasun,PH042105000,CAVITE CITY,102806,22915,4753,583,5336,449,748,1197
Rammasun,PH042106000,CITY OF DASMARI��AS,659019,126229,1552,65,1617,7456,1048,8504
Rammasun,PH042108000,CITY OF GENERAL TRIAS,314303,59920,950,137,1087,3215,1305,4519
Rammasun,PH042110000,INDANG,65599,13911,2917,1260,4177,1062,207,1268
Rammasun,PH042111000,KAWIT,83466,17646,1870,40,1910,336,101,437
Rammasun,PH042113000,MARAGONDON,37720,7701,453,10,463,742,872,1614
Rammasun,PH042115000,NAIC,111454,19951,884,20,904,627,478,1105
Rammasun,PH042116000,NOVELETA,45846,9799,547,35,582,252,75,327
Rammasun,PH042117000,ROSARIO,110706,22188,1,74,75,62,59,121
Rammasun,PH042118000,SILANG,248085,45638,718,134,852,2864,-699,2166
Rammasun,PH042119000,TAGAYTAY CITY,71181,13391,4398,272,4670,2376,1110,3485
Rammasun,PH042120000,TANZA,226188,43681,2816,114,2930,3431,-38,3393
Rammasun,PH042121000,TERNATE,23157,4166,644,2226,2870,1053,218,1271
Rammasun,PH042122000,TRECE MARTIRES CITY (Capital),155713,23728,2192,293,2485,893,57,950
Rammasun,PH042123000,GEN. MARIANO ALVAREZ,155143,29800,765,74,839,805,83,888
Rammasun,PH043401000,ALAMINOS,47859,9611,80,120,200,2373,716,3089
Rammasun,PH043402000,BAY,62143,12696,1,1667,1668,3740,729,4469
Rammasun,PH043403000,CITY OF BI��AN,333028,68816,1908,468,2376,4089,393,4482
Rammasun,PH043405000,CITY OF CALAMBA,454486,90698,2492,567,3059,14203,1033,15236
Rammasun,PH043406000,CALAUAN,80453,17069,3040,369,3409,3442,1195,4637
Rammasun,PH043407000,CAVINTI,21702,4962,1480,125,1605,991,48,1039
Rammasun,PH043408000,FAMY,16587,3323,423,17,440,18,2,21
Rammasun,PH043410000,LILIW,36582,8001,939,158,1097,2204,156,2360
Rammasun,PH043411000,LOS BA��OS,112008,23775,4371,767,5138,6136,1287,7423
Rammasun,PH043412000,LUISIANA,19720,4818,1876,351,2227,978,83,1061
Rammasun,PH043414000,MABITAC,20530,4078,162,16,178,297,35,331
Rammasun,PH043415000,MAGDALENA,25266,5287,1510,315,1825,1654,62,1715
Rammasun,PH043416000,MAJAYJAY,27792,6175,1358,371,1729,1936,158,2094
Rammasun,PH043417000,NAGCARLAN,63057,14089,522,440,962,2487,480,2967
Rammasun,PH043418000,PAETE,25096,5244,313,13,326,279,25,304
Rammasun,PH043419000,PAGSANJAN,42164,9209,1671,265,1936,1465,107,1572
Rammasun,PH043420000,PAKIL,20659,4537,1054,225,1279,229,-4,226
Rammasun,PH043422000,PILA,50289,10271,62,40,102,2226,193,2419
Rammasun,PH043423000,RIZAL,17253,3589,2270,440,2710,1144,299,1443
Rammasun,PH043424000,SAN PABLO CITY,266068,56261,15131,4758,19889,12268,4266,16535
Rammasun,PH043425000,CITY OF SAN PEDRO,325809,67237,507,82,589,6890,551,7442
Rammasun,PH043426000,SANTA CRUZ (Capital),117605,25529,4578,684,5262,3638,166,3804
Rammasun,PH043427000,SANTA MARIA,30830,6014,259,36,295,117,-12,105
Rammasun,PH043428000,CITY OF SANTA ROSA,353767,70593,2927,1023,3950,5578,484,6062
Rammasun,PH043429000,SINILOAN,38067,7990,150,200,350,105,21,126
Rammasun,PH043430000,VICTORIA,39321,8056,385,75,460,2129,110,2239
Rammasun,PH045601000,AGDANGAN,12851,2739,1296,1322,2618,989,312,1301
Rammasun,PH045602000,ALABAT,15630,3652,1783,142,1925,1307,204,1510
Rammasun,PH045603000,ATIMONAN,63432,14510,4504,1388,5892,2472,910,3382
Rammasun,PH045605000,BUENAVISTA,30047,6031,2751,657,3408,2821,1255,4076
Rammasun,PH045607000,CALAUAG,73139,15104,5814,1249,7063,6516,861,7378
Rammasun,PH045608000,CANDELARIA,117434,24393,8190,563,8753,5159,4222,9381
Rammasun,PH045610000,CATANAUAN,71073,14491,3500,1687,5187,5987,2413,8400
Rammasun,PH045615000,DOLORES,28891,6050,3374,591,3965,1873,636,2509
Rammasun,PH045616000,GENERAL LUNA,26494,5472,700,500,1200,2159,982,3140
Rammasun,PH045618000,GUINAYANGAN,45155,9197,4052,1083,5135,4038,1496,5534
Rammasun,PH045619000,GUMACA,73877,15627,2328,1388,3716,4482,2750,7232
Rammasun,PH045620000,INFANTA,69079,14638,88,1,89,129,-1,128
Rammasun,PH045622000,LOPEZ,95167,20112,9413,2866,12279,7659,4693,12352
Rammasun,PH045624000,LUCENA CITY (Capital),266248,54488,10598,3087,13685,11411,4799,16210
Rammasun,PH045625000,MACALELON,28188,5737,2042,733,2775,2598,1199,3797
Rammasun,PH045627000,MAUBAN,63819,13409,6388,935,7323,4045,431,4476
Rammasun,PH045628000,MULANAY,53123,10682,145,56,201,5074,1293,6367
Rammasun,PH045630000,PAGBILAO,75023,14875,4735,213,4948,2309,2574,4884
Rammasun,PH045633000,PEREZ,12173,2647,883,172,1055,900,184,1084
Rammasun,PH045634000,PITOGO,23019,4666,3669,1254,4923,2044,923,2967
Rammasun,PH045635000,PLARIDEL,10935,2304,943,308,1251,854,417,1271
Rammasun,PH045637000,QUEZON,15228,3392,1960,189,2149,1529,219,1749
Rammasun,PH045638000,REAL,35979,7647,1478,61,1539,415,29,444
Rammasun,PH045639000,SAMPALOC,13907,3079,892,59,951,720,83,804
Rammasun,PH045640000,SAN ANDRES,35780,7263,2047,82,2129,3198,304,3502
Rammasun,PH045641000,SAN ANTONIO,33467,6391,2427,631,3058,1615,240,1855
Rammasun,PH045642000,SAN FRANCISCO (AURORA),61473,12153,264,47,311,1894,125,2019
Rammasun,PH045645000,SARIAYA,148980,31387,1805,8564,10369,7815,2546,10360
Rammasun,PH045646000,TAGKAWAYAN,51832,10912,4346,781,5127,2626,130,2756
Rammasun,PH045647000,CITY OF TAYABAS,99779,20737,3959,934,4893,4385,1855,6240
Rammasun,PH045648000,TIAONG,99712,20287,10765,1781,12546,3447,2909,6357
Rammasun,PH045649000,UNISAN,26884,5887,2818,1378,4196,2048,1007,3055
Rammasun,PH045802000,CITY OF ANTIPOLO,776386,149517,1316,140,1456,-461,-242,-702
Rammasun,PH045802000,CITY OF ANTIPOLO,776386,149517,1316,140,1456,-461,-242,-702
Rammasun,PH045803000,BARAS,69300,7048,15,10,25,221,113,334
Rammasun,PH045804000,BINANGONAN,282474,55730,1022,245,1267,3302,774,4076
Rammasun,PH045806000,CARDONA,49034,10599,9,1,10,1136,196,1332
Rammasun,PH045808000,RODRIGUEZ (MONTALBAN),369222,65630,11,29,40,-581,-38,-619
Rammasun,PH045810000,PILILLA,64812,12841,352,70,422,348,86,434
Rammasun,PH045811000,SAN MATEO,252527,45926,23,23,46,-617,28,-589
Rammasun,PH045812000,TANAY,117830,21080,13,24,37,114,-42,72
Rammasun,PH045813000,TAYTAY,319104,64160,26,3,29,1422,169,1591
Rammasun,PH045814000,TERESA,57755,10597,5,2,7,146,-8,138
Rammasun,PH050503000,DARAGA (LOCSIN),126595,24923,1,91,92,4837,2779,7616
Rammasun,PH050504000,GUINOBATAN,82361,16607,2086,320,2406,4791,1965,6756
Rammasun,PH050505000,JOVELLAR,17308,3555,365,200,565,1843,337,2180
Rammasun,PH050506000,LEGAZPI CITY (Capital),196639,38398,1372,330,1702,16345,2686,19031
Rammasun,PH050507000,LIBON,75172,14552,285,96,381,6747,4077,10824
Rammasun,PH050508000,CITY OF LIGAO,111399,21140,519,53,572,9487,2618,12106
Rammasun,PH050510000,MALINAO,45301,8760,6318,1722,8040,4555,959,5514
Rammasun,PH050511000,MANITO,24707,4710,2299,513,2812,3257,755,4012
Rammasun,PH050516000,SANTO DOMINGO (LIBOG),34967,6887,1649,215,1864,4176,966,5141
Rammasun,PH050518000,TIWI,53120,10106,5027,1235,6262,5096,1294,6389
Rammasun,PH051601000,BASUD,41017,8283,1639,118,1757,1455,125,1581
Rammasun,PH051602000,CAPALONGA,32215,6627,1285,824,2109,332,25,357
Rammasun,PH051603000,DAET (Capital),104799,20768,775,57,832,2391,147,2538
Rammasun,PH051604000,SAN LORENZO RUIZ (IMELDA),14063,2744,341,7,348,456,133,589
Rammasun,PH051605000,JOSE PANGANIBAN,59639,11996,51,1,52,474,13,487
Rammasun,PH051606000,LABO,101082,19810,1593,87,1680,1064,12,1076
Rammasun,PH051607000,MERCEDES,50841,9959,698,183,881,1598,184,1782
Rammasun,PH051608000,PARACALE,59149,11414,151,14,165,444,33,477
Rammasun,PH051609000,SAN VICENTE,10396,2230,124,11,135,185,2,187
Rammasun,PH051610000,SANTA ELENA,40786,8763,2645,161,2806,1090,108,1198
Rammasun,PH051611000,TALISAY,25841,5225,999,82,1081,87,4,91
Rammasun,PH051612000,VINZONS,43485,8909,868,73,941,121,0,122
Rammasun,PH051701000,BAAO,58849,10572,1807,394,2201,2458,1874,4332
Rammasun,PH051702000,BALATAN,30922,5482,2550,250,2800,2408,1055,3463
Rammasun,PH051705000,BUHI,77143,15598,6528,1193,7721,6735,2553,9288
Rammasun,PH051706000,BULA,69430,12855,4842,934,5776,3206,2800,6007
Rammasun,PH051707000,CABUSAO,18397,3750,2152,696,2848,1272,196,1468
Rammasun,PH051708000,CALABANGA,83033,15603,4556,1189,5745,2848,831,3678
Rammasun,PH051709000,CAMALIGAN,24109,4534,1679,227,1906,1248,319,1566
Rammasun,PH051710000,CANAMAN,34210,6582,3062,1036,4098,1584,880,2464
Rammasun,PH051712000,DEL GALLEGO,25397,4835,2602,295,2897,2557,262,2819
Rammasun,PH051713000,GAINZA,11262,2020,1494,382,1876,736,550,1287
Rammasun,PH051714000,GARCHITORENA,27010,4593,3,20,23,312,193,505
Rammasun,PH051715000,GOA,63308,11700,2186,378,2564,1876,337,2213
Rammasun,PH051716000,IRIGA CITY,111757,21759,4118,780,4898,3818,1816,5634
Rammasun,PH051717000,LAGONOY,55465,10374,968,170,1138,2334,169,2503
Rammasun,PH051718000,LIBMANAN,108716,20670,12526,3340,15866,5620,3475,9095
Rammasun,PH051719000,LUPI,32167,6401,3567,315,3882,2391,423,2814
Rammasun,PH051720000,MAGARAO,25694,4830,2230,578,2808,1349,444,1793
Rammasun,PH051721000,MILAOR,31150,5484,2860,372,3232,1295,915,2211
Rammasun,PH051722000,MINALABAC,52390,9336,4556,1189,5745,3037,1709,4746
Rammasun,PH051723000,NABUA,83874,15201,7009,1314,8323,2710,2317,5027
Rammasun,PH051724000,NAGA CITY,196003,35929,1896,284,2180,8636,1408,10044
Rammasun,PH051725000,OCAMPO,45934,8587,5152,1138,6290,2377,773,3150
Rammasun,PH051726000,PAMPLONA,36390,6839,4069,1191,5260,2461,1179,3639
Rammasun,PH051728000,PILI (Capital),89545,16193,5162,1511,6673,3952,1161,5113
Rammasun,PH051729000,PRESENTACION (PARUBCAN),20996,3815,1910,241,2151,899,59,958
Rammasun,PH051730000,RAGAY,58214,11630,8259,1546,9805,5025,675,5700
Rammasun,PH051731000,SAG��AY,34546,6168,5068,1274,6342,3151,353,3504
Rammasun,PH051732000,SAN FERNANDO,35258,6529,4475,5273,9748,2111,1436,3547
Rammasun,PH051733000,SAN JOSE,40623,7687,4114,729,4843,2681,276,2956
Rammasun,PH051734000,SIPOCOT,64855,13156,6354,1219,7573,5034,852,5886
Rammasun,PH051735000,SIRUMA,17764,3385,705,35,740,288,130,418
Rammasun,PH051737000,TINAMBAC,67572,12215,5378,195,5573,2217,428,2645
Rammasun,PH052002000,BARAS,12848,2566,81,4,85,369,282,652
Rammasun,PH052010000,VIGA,21624,3927,16,21,37,45,-17,29
Rammasun,PH052011000,VIRAC (Capital),73650,13938,766,73,839,2490,431,2921
Rammasun,PH054106000,CAWAYAN,67033,13316,14,123,137,391,51,441
Rammasun,PH054108000,DIMASALANG,26192,5156,31,4,35,375,34,408
Rammasun,PH054113000,MOBO,38813,6755,121,10,131,219,6,226
Rammasun,PH054114000,MONREAL,26614,5008,574,77,651,414,71,485
Rammasun,PH054119000,SAN JACINTO,30372,6530,74,16,90,162,27,190
Rammasun,PH054120000,SAN PASCUAL,46674,9183,455,53,508,1365,335,1700
Rammasun,PH054121000,USON,56168,10891,10,1,11,330,47,377
Rammasun,PH056202000,BARCELONA,20990,4651,1917,282,2199,1745,533,2278
Rammasun,PH056203000,BULAN,100076,19582,1171,218,1389,5463,1149,6612
Rammasun,PH056204000,BULUSAN,22884,4900,2833,225,3058,1452,507,1959
Rammasun,PH056205000,CASIGURAN,32842,6410,2820,418,3238,2112,771,2883
Rammasun,PH056206000,CASTILLA,57827,11022,1433,271,1704,3374,1043,4417
Rammasun,PH056208000,GUBAT,59534,12710,2008,1170,3178,5152,1752,6904
Rammasun,PH056209000,IROSIN,56662,10447,18,405,423,2816,602,3419
Rammasun,PH056210000,JUBAN,32320,6025,2357,413,2770,1832,675,2507
Rammasun,PH056212000,MATNOG,41101,7481,1721,128,1849,1696,504,2200
Rammasun,PH056213000,PILAR,74564,13727,4405,571,4976,4633,867,5499
Rammasun,PH056214000,PRIETO DIAZ,22442,4219,3533,896,4429,2733,2123,4856
Rammasun,PH082601000,ARTECHE,16026,3198,1960,106,2066,226,69,295
Rammasun,PH082611000,JIPAPAD,7885,1429,450,10,460,173,1,174
Rammasun,PH082621000,SAN POLICARPO,14687,2919,727,124,851,285,70,356
Rammasun,PH084801000,ALLEN,25469,5003,284,316,600,232,99,331
Rammasun,PH084802000,BIRI,11767,2210,1634,350,1984,805,274,1079
Rammasun,PH084803000,BOBON,23668,4191,1634,350,1984,492,140,632
Rammasun,PH084804000,CAPUL,12679,2420,356,18,374,264,-7,257
Rammasun,PH084805000,CATARMAN (Capital),94037,16226,398,18,416,2957,-34,2923
Rammasun,PH084806000,CATUBIG,33025,5915,2174,156,2330,791,18,809
Rammasun,PH084807000,GAMAY,23511,4716,850,153,1003,668,171,839
Rammasun,PH084808000,LAOANG,61359,11418,7200,1186,8386,2172,383,2556
Rammasun,PH084809000,LAPINIG,13020,2256,1442,50,1492,315,139,454
Rammasun,PH084810000,LAS NAVAS,37947,6613,610,3,613,1321,142,1463
Rammasun,PH084811000,LAVEZARES,28770,5596,2077,176,2253,673,142,814
Rammasun,PH084812000,MAPANAS,14025,2371,1245,339,1584,267,72,340
Rammasun,PH084813000,MONDRAGON,38726,6632,6155,682,6837,622,-9,612
Rammasun,PH084814000,PALAPAG,34286,6568,6340,434,6774,1248,58,1306
Rammasun,PH084815000,PAMBUJAN,33062,5387,2833,582,3415,850,127,977
Rammasun,PH084816000,ROSARIO,10520,1932,249,27,276,344,5,349
Rammasun,PH084817000,SAN ANTONIO,9058,1860,391,51,442,332,-29,303
Rammasun,PH084818000,SAN ISIDRO,26650,5103,276,81,357,172,-71,101
Rammasun,PH084819000,SAN JOSE,17561,3509,2125,1015,3140,17,210,227
Rammasun,PH084820000,SAN ROQUE,30580,4770,564,555,1119,1034,111,1145
Rammasun,PH084821000,SAN VICENTE,7856,1547,143,21,164,227,5,232
Rammasun,PH084822000,SILVINO LOBOS,15299,2400,522,1,523,347,-33,314
Rammasun,PH084823000,VICTORIA,14817,2893,132,41,173,66,-31,34
Rammasun,PH084824000,LOPE DE VEGA,14687,2444,130,4,134,217,-34,182
Rammasun,PH086001000,ALMAGRO,8942,2183,250,21,271,54,-13,41
Rammasun,PH086003000,CALBAYOG CITY,183851,35126,3185,264,3449,967,-55,912
Rammasun,PH086004000,CALBIGA,22982,4460,366,1,367,286,-15,270
Rammasun,PH086005000,CITY OF CATBALOGAN (Capital),103879,18398,2485,585,3070,-350,77,-273
Rammasun,PH086006000,DARAM,42879,7733,2662,364,3026,35,153,187
Rammasun,PH086007000,GANDARA,34434,6342,3578,58,3636,970,60,1030
Rammasun,PH086008000,HINABANGAN,13673,2388,350,15,365,181,50,230
Rammasun,PH086009000,JIABONG,18342,3414,129,93,222,107,19,125
Rammasun,PH086012000,MOTIONG,15156,2898,1,50,51,217,35,252
Rammasun,PH086013000,PINABACDAO,18252,3155,671,253,924,446,54,500
Rammasun,PH086015000,SAN SEBASTIAN,8057,1464,871,12,883,239,27,266
Rammasun,PH086016000,SANTA MARGARITA,26348,5024,1878,339,2217,142,7,149
Rammasun,PH086017000,SANTA RITA,41591,7584,164,24,188,1302,365,1667
Rammasun,PH086018000,SANTO NI��O,12863,2720,63,6,69,457,66,523
Rammasun,PH086019000,TALALORA,8057,1536,97,31,128,354,72,427
Rammasun,PH086020000,TARANGNAN,24992,4843,32,160,192,1080,171,1251
Rammasun,PH086021000,VILLAREAL,28230,5060,1530,251,1781,1371,221,1592
Rammasun,PH086022000,PARANAS (WRIGHT),30557,5768,132,6,138,675,12,686
Rammasun,PH086025000,SAN JORGE,17184,3142,587,16,603,403,26,429
Rammasun,PH086026000,PAGSANGHAN,7945,1733,300,1,301,513,14,527
Rammasun,PH137606000,PATEROS,63840,14629,80,1,81,-53,26,-27
Rammasun,PH174001000,BOAC (Capital),54730,11943,440,18,458,455,6,461
Rammasun,PH174002000,BUENAVISTA,23988,4909,265,8,273,422,83,505
Rammasun,PH174003000,GASAN,34828,7444,289,9,298,67,76,144
Rammasun,PH174004000,MOGPOG,34043,7758,25,3,28,862,109,971
Rammasun,PH174005000,SANTA CRUZ,56408,13065,12,1,13,1902,158,2060
Rammasun,PH175101000,ABRA DE ILOG,31306,6323,134,6,140,22,-99,-77
Rammasun,PH175102000,CALINTAAN,29826,5913,2120,7,2127,476,34,511
Rammasun,PH175103000,LOOC,10117,2139,10,3,13,81,-4,77
Rammasun,PH175104000,LUBANG,18803,5531,15,4,19,203,15,218
Rammasun,PH175105000,MAGSAYSAY,36016,6625,82,3,85,634,114,748
Rammasun,PH175106000,MAMBURAO (Capital),42975,8846,67,2,69,535,48,583
Rammasun,PH175107000,PALUAN,16025,3275,5,1,6,-75,85,11
Rammasun,PH175108000,RIZAL,38263,7290,136,6,142,479,87,566
Rammasun,PH175109000,SABLAYAN,83169,16284,394,3,397,1123,90,1213
Rammasun,PH175110000,SAN JOSE,143430,28956,2501,18,2519,168,-49,119
Rammasun,PH175111000,SANTA CRUZ,37484,7690,19,3,22,405,30,434
Rammasun,PH175201000,BACO,37215,7483,127,5,132,531,18,549
Rammasun,PH175207000,MANSALAY,54533,10193,16,2,18,768,95,863
Rammasun,PH175208000,NAUJAN,102998,21479,159,7,166,1576,92,1668
Rammasun,PH175211000,PUERTO GALERA,36606,7661,42,13,55,-2,-65,-67
Rammasun,PH175213000,SAN TEODORO,17904,3508,43,3,46,-44,2,-41
Rammasun,PH175903000,CAJIDIOCAN,21861,4827,1,1,2,67,3,70
Rammasun,PH175904000,CALATRAVA,10275,2139,23,2,25,151,7,159
Rammasun,PH175907000,LOOC,22262,4866,1,1,2,176,5,181
Rammasun,PH175908000,MAGDIWANG,14142,2885,144,3,147,82,1,83
Rammasun,PH175909000,ODIONGAN,45367,10317,1,1,2,354,13,367
Rammasun,PH175911000,SAN AGUSTIN,22598,4873,17,4,21,80,2,82
Rammasun,PH175915000,SANTA FE,16098,3341,6,2,8,89,57,146
Rammasun,PH175916000,FERROL,6964,1522,3,1,4,22,4,26
Rammasun,PH175917000,SANTA MARIA (IMELDA),8508,1702,12,1,13,53,-5,47
Hagupit,PH045620000,INFANTA,69079,14638,1,1,2,4,-28,-24
Hagupit,PH051705000,BUHI,77143,15598,36,2,38,-96,1,-95
Hagupit,PH051708000,CALABANGA,83033,15603,16,1,17,398,64,463
Hagupit,PH051711000,CARAMOAN,47605,9005,229,3,232,1049,88,1137
Hagupit,PH051714000,GARCHITORENA,27010,4593,76,131,207,127,19,147
Hagupit,PH051729000,PRESENTACION (PARUBCAN),20996,3815,371,13,384,341,57,397
Hagupit,PH051734000,SIPOCOT,64855,13156,2,1,3,1664,150,1813
Hagupit,PH051735000,SIRUMA,17764,3385,1,9,10,483,37,521
Hagupit,PH052008000,SAN ANDRES (CALOLBON),36779,7224,2,3,5,288,96,384
Hagupit,PH054101000,AROROY,86168,14581,907,27,934,3721,258,3979
Hagupit,PH054102000,BALENO,26096,4782,762,9,771,831,82,912
Hagupit,PH054104000,BATUAN,15086,2896,501,18,519,317,77,394
Hagupit,PH054107000,CLAVERIA,43693,8692,80,15,95,1377,527,1904
Hagupit,PH054110000,MANDAON,41262,7701,479,72,551,314,-24,291
Hagupit,PH054111000,CITY OF MASBATE (Capital),95389,17058,60,21,81,2980,171,3151
Hagupit,PH054112000,MILAGROS,57473,10290,118,34,152,1678,7,1685
Hagupit,PH054113000,MOBO,38813,6755,787,93,880,936,40,977
Hagupit,PH054114000,MONREAL,26614,5008,87,10,97,984,370,1354
Hagupit,PH054115000,PALANAS,26222,5568,375,63,438,1044,73,1117
Hagupit,PH054116000,PIO V. CORPUZ (LIMBUHAN),23236,5338,113,19,132,722,17,739
Hagupit,PH054117000,PLACER,55826,11433,58,15,73,2337,68,2405
Hagupit,PH054118000,SAN FERNANDO,23057,4765,239,24,263,294,304,598
Hagupit,PH054120000,SAN PASCUAL,46674,9183,157,28,185,1470,281,1751
Hagupit,PH056202000,BARCELONA,20990,4651,71,1,72,928,133,1061
Hagupit,PH056203000,BULAN,100076,19582,203,19,222,3330,975,4305
Hagupit,PH056205000,CASIGURAN,32842,6410,34,1,35,1579,318,1897
Hagupit,PH056206000,CASTILLA,57827,11022,307,14,321,1825,158,1983
Hagupit,PH056207000,DONSOL,49711,9397,628,25,653,2637,112,2749
Hagupit,PH056209000,IROSIN,56662,10447,996,8,1004,1595,527,2122
Hagupit,PH056211000,MAGALLANES,37038,7187,20,11,31,1329,275,1604
Hagupit,PH056212000,MATNOG,41101,7481,764,79,843,1780,349,2128
Hagupit,PH056213000,PILAR,74564,13727,352,53,405,4138,538,4676
Hagupit,PH056214000,PRIETO DIAZ,22442,4219,292,23,315,678,83,761
Hagupit,PH056215000,SANTA MAGDALENA,16848,3417,53,10,63,770,183,952
Hagupit,PH056216000,CITY OF SORSOGON (Capital),168110,32694,482,42,524,875,1406,2280
Hagupit,PH061909000,PANAY,46114,9782,11,3,14,643,93,736
Hagupit,PH061915000,SAPI-AN,25821,5608,97,1,98,328,199,527
Hagupit,PH063005000,BALASAN,33088,6514,406,8,414,479,37,515
Hagupit,PH063014000,CARLES,68160,12240,245,189,434,556,183,739
Hagupit,PH063019000,ESTANCIA,48546,8756,459,12,471,932,148,1080
Hagupit,PH063027000,LEMERY,30851,5995,1,1,2,156,90,246
Hagupit,PH072208000,BALAMBAN,87177,16108,20,1,21,-78,-208,-286
Hagupit,PH072218000,COMPOSTELA,47898,9421,81,5,86,126,-123,3
Hagupit,PH072231000,MEDELLIN,55332,10393,266,26,292,1738,28,1766
Hagupit,PH072242000,SAN FRANCISCO,55180,10247,59,22,81,1435,-99,1336
Hagupit,PH072244000,SANTA FE,28603,5395,129,1,130,866,21,887
Hagupit,PH072247000,SOGOD,35108,7034,182,1,183,229,12,240
Hagupit,PH072248000,TABOGON,39013,7215,387,39,426,315,120,435
Hagupit,PH082608000,GIPORLOS,13308,2492,266,22,288,587,277,863
Hagupit,PH082609000,GUIUAN,52991,10002,799,31,830,843,1130,1973
Hagupit,PH082610000,HERNANI,8573,1637,712,79,791,341,406,748
Hagupit,PH082614000,MASLOG,5407,899,684,109,793,482,143,625
Hagupit,PH082616000,MERCEDES,6070,1133,417,8,425,281,166,447
Hagupit,PH083710000,BURAUEN,52732,10594,3,12,15,791,24,814
Hagupit,PH083717000,DAGAMI,35147,6734,434,27,461,1091,54,1145
Hagupit,PH083719000,HILONGOS,63431,12877,341,22,363,1008,246,1254
Hagupit,PH083721000,INOPACAN,20550,4579,7,1,8,210,84,294
Hagupit,PH083728000,LA PAZ,19998,4250,178,1,179,327,34,361
Hagupit,PH083731000,MAHAPLAG,27823,5838,117,1,118,504,-80,425
Hagupit,PH084801000,ALLEN,25469,5003,10,19,29,1826,148,1974
Hagupit,PH084802000,BIRI,11767,2210,689,18,707,697,110,808
Hagupit,PH084816000,ROSARIO,10520,1932,513,3,516,858,9,868
Hagupit,PH084819000,SAN JOSE,17561,3509,420,375,795,1858,511,2370
Hagupit,PH084821000,SAN VICENTE,7856,1547,677,29,706,566,206,773
Hagupit,PH084823000,VICTORIA,14817,2893,820,54,874,983,-15,968
Hagupit,PH086001000,ALMAGRO,8942,2183,275,54,329,930,287,1218
Hagupit,PH086011000,MATUGUINAO,7288,1244,785,172,957,616,113,728
Hagupit,PH086014000,SAN JOSE DE BUAN,7769,1170,523,63,586,1071,243,1313
Hagupit,PH086407000,CITY OF MAASIN (Capital),85560,18394,4,1,5,420,368,788
Hagupit,PH086418000,TOMAS OPPUS,16608,3548,29,4,33,21,97,118
Hagupit,PH087802000,BILIRAN,16882,3425,65,25,90,1288,130,1418
Hagupit,PH087807000,MARIPIPI,7159,1570,173,9,182,461,65,526
Hagupit,PH166718000,SAN BENITO,5404,1172,41,18,59,155,41,196
Hagupit,PH166721000,SANTA MONICA (SAPAO),8808,1941,152,29,181,466,31,497
Hagupit,PH175901000,ALCANTARA,16351,3394,47,4,51,22,-7,15
Hagupit,PH175902000,BANTON,5536,1495,7,1,8,88,-10,78
Hagupit,PH175903000,CAJIDIOCAN,21861,4827,5,2,7,13,-13,1
Hagupit,PH175904000,CALATRAVA,10275,2139,119,7,126,-4,-2,-7
Hagupit,PH175906000,CORCUERA,10283,2326,2,1,3,232,-10,222
Hagupit,PH175910000,ROMBLON (Capital),38758,8134,37,3,40,246,14,259
Hagupit,PH175916000,FERROL,6964,1522,12,2,14,46,7,54
Haiyan,PH054103000,BALUD,38124,7240,681,66,747,796,199,995
Haiyan,PH060401000,ALTAVAS,24619,5174,1846,3324,5170,1990,2930,4920
Haiyan,PH060402000,BALETE,28920,6111,893,4809,5702,2081,3384,5465
Haiyan,PH060403000,BANGA,39505,7892,3608,4673,8281,2605,4340,6945
Haiyan,PH060404000,BATAN,32032,6936,2700,3840,6540,2396,3519,5915
Haiyan,PH060405000,BURUANGA,19003,3510,1914,282,2196,1606,1855,3461
Haiyan,PH060406000,IBAJAY,49564,9866,4284,671,4955,3504,2732,6236
Haiyan,PH060408000,LEZO,15224,3128,2122,768,2890,1003,1820,2823
Haiyan,PH060409000,LIBACAO,28241,6170,1450,3122,4572,2560,2510,5070
Haiyan,PH060410000,MADALAG,18389,3603,1426,2138,3564,1752,1853,3605
Haiyan,PH060411000,MAKATO,27262,5552,3152,1144,4296,2007,2511,4518
Haiyan,PH060412000,MALAY,52973,10180,441,158,599,2166,2760,4926
Haiyan,PH060413000,MALINAO,23194,5112,3959,1126,5085,2055,2331,4386
Haiyan,PH060414000,NABAS,36435,6376,2821,660,3481,2420,1986,4406
Haiyan,PH060415000,NEW WASHINGTON,45007,9112,4086,3672,7758,2733,4615,7349
Haiyan,PH060416000,NUMANCIA,31934,6462,5043,1043,6086,1259,3079,4338
Haiyan,PH060417000,TANGALAN,21916,4263,2174,591,2765,2081,1755,3836
Haiyan,PH060602000,BARBAZA,22704,4747,1582,2500,4082,1947,1939,3886
Haiyan,PH060604000,BUGASONG,33642,6811,3669,1015,4684,1794,809,2603
Haiyan,PH060605000,CALUYA,35496,6570,3229,735,3964,2089,2949,5037
Haiyan,PH060606000,CULASI,41228,8154,4460,2369,6829,3563,3732,7295
Haiyan,PH060609000,LAUA-AN,26072,5355,3033,1414,4447,1570,1788,3358
Haiyan,PH060610000,LIBERTAD,16429,3194,1380,715,2095,1683,1501,3184
Haiyan,PH060611000,PANDAN,34333,6812,2210,1122,3332,2726,2261,4987
Haiyan,PH060612000,PATNONGON,37176,7806,1976,292,2268,1476,687,2163
Haiyan,PH060614000,SAN REMIGIO,31935,5918,1392,188,1580,1191,431,1623
Haiyan,PH060615000,SEBASTE,17907,3536,1979,885,2864,1792,1770,3562
Haiyan,PH060617000,TIBIAO,26748,5158,2563,2670,5233,1959,1989,3948
Haiyan,PH060618000,VALDERRAMA,19124,3807,1545,546,2091,1268,373,1641
Haiyan,PH061901000,CUARTERO,27408,5702,297,5211,5508,1806,3017,4823
Haiyan,PH061902000,DAO,32496,6882,2065,4815,6880,1905,3699,5604
Haiyan,PH061903000,DUMALAG,29466,6639,1855,4486,6341,1924,3126,5050
Haiyan,PH061904000,DUMARAO,46157,9494,4105,5401,9506,3784,4917,8701
Haiyan,PH061905000,IVISAN,29055,5781,1200,4050,5250,2338,2509,4848
Haiyan,PH061906000,JAMINDAN,36677,8068,299,6910,7209,3894,3460,7353
Haiyan,PH061907000,MA-AYON,38416,7898,3150,4039,7189,3500,4262,7762
Haiyan,PH061908000,MAMBUSAO,39644,8661,3438,4272,7710,2873,4250,7122
Haiyan,PH061909000,PANAY,46114,9782,1240,6264,7504,2940,5061,8000
Haiyan,PH061910000,PANITAN,40289,8418,84,7974,8058,2243,3852,6095
Haiyan,PH061911000,PILAR,45287,9290,3521,4187,7708,3751,3999,7750
Haiyan,PH061912000,PONTEVEDRA,46428,9470,1136,2068,3204,2513,4736,7249
Haiyan,PH061913000,PRESIDENT ROXAS,29676,6252,662,4237,4899,2389,2938,5327
Haiyan,PH061914000,ROXAS CITY (Capital),167003,34058,8056,13590,21646,9713,16167,25881
Haiyan,PH061915000,SAPI-AN,25821,5608,365,5022,5387,1801,3005,4806
Haiyan,PH061916000,SIGMA,30134,6668,2549,3700,6249,2325,3296,5621
Haiyan,PH061917000,TAPAZ,51313,10390,4548,5892,10440,4848,4069,8917
Haiyan,PH063001000,AJUY,52268,9920,1761,8416,10177,3694,5947,9641
Haiyan,PH063002000,ALIMODIAN,38408,7481,236,20,256,1050,609,1659
Haiyan,PH063003000,ANILAO,28684,5862,2812,1279,4091,742,1014,1756
Haiyan,PH063004000,BADIANGAN,27005,5510,943,143,1086,1152,698,1850
Haiyan,PH063005000,BALASAN,33088,6514,2989,3250,6239,2021,3599,5620
Haiyan,PH063006000,BANATE,32532,6348,4212,2202,6414,2115,2722,4836
Haiyan,PH063007000,BAROTAC NUEVO,54146,11034,2133,475,2608,1189,1267,2456
Haiyan,PH063008000,BAROTAC VIEJO,45808,8906,5556,3454,9010,3475,3510,6986
Haiyan,PH063009000,BATAD,21298,4126,1933,2013,3946,1476,2397,3873
Haiyan,PH063010000,BINGAWAN,15199,2917,1374,1200,2574,1346,1997,3343
Haiyan,PH063012000,CABATUAN,58442,11644,357,117,474,1296,207,1504
Haiyan,PH063013000,CALINOG,60413,11224,4793,3812,8605,3720,4579,8299
Haiyan,PH063014000,CARLES,68160,12240,4517,7646,12163,4674,6681,11355
Haiyan,PH063015000,CONCEPCION,43159,8272,4211,4225,8436,2817,4482,7299
Haiyan,PH063016000,DINGLE,45335,9263,2818,1417,4235,2222,1631,3853
Haiyan,PH063017000,DUE��AS,34242,7313,2420,555,2975,1669,2410,4079
Haiyan,PH063018000,DUMANGAS,69108,14352,1858,793,2651,1505,983,2487
Haiyan,PH063019000,ESTANCIA,48546,8756,3047,5994,9041,2459,4927,7387
Haiyan,PH063023000,JANIUAY,63905,12964,2605,536,3141,2640,1226,3866
Haiyan,PH063025000,LAMBUNAO,73640,13630,5224,2382,7606,6823,4105,10928
Haiyan,PH063027000,LEMERY,30851,5995,1785,4082,5867,2300,3389,5690
Haiyan,PH063029000,MAASIN,36922,6667,220,160,380,1380,482,1862
Haiyan,PH063031000,MINA,23546,4557,190,88,278,1140,200,1341
Haiyan,PH063032000,NEW LUCENA,23240,4694,121,49,170,596,134,730
Haiyan,PH063035000,CITY OF PASSI,80544,16395,8285,7186,15471,4695,6106,10800
Haiyan,PH063037000,POTOTAN,75070,14833,1752,189,1941,2237,481,2718
Haiyan,PH063038000,SAN DIONISIO,38775,7246,2694,4006,6700,2752,3865,6617
Haiyan,PH063039000,SAN ENRIQUE,33911,6591,1875,1925,3800,3068,2044,5112
Haiyan,PH063042000,SAN RAFAEL,16532,3040,1407,1693,3100,1417,1518,2935
Haiyan,PH063044000,SARA,52631,10731,3929,6044,9973,2309,5662,7970
Haiyan,PH063047000,ZARRAGA,25605,5053,26,46,72,756,165,921
Haiyan,PH072209000,BANTAYAN,79084,15637,5743,10533,16276,5279,9440,14719
Haiyan,PH072211000,CITY OF BOGO,78120,16256,5869,6496,12365,4650,9244,13893
Haiyan,PH072213000,BORBON,35526,7020,1740,3820,5560,2918,2918,5836
Haiyan,PH072221000,DAANBANTAYAN,84430,16323,622,13660,14282,4757,11124,15881
Haiyan,PH072228000,MADRIDEJOS,36429,6347,319,6134,6453,2837,5176,8012
Haiyan,PH072231000,MEDELLIN,55332,10393,4999,5092,10091,3459,6815,10274
Haiyan,PH072236000,PILAR,11308,3042,1644,737,2381,1226,902,2128
Haiyan,PH072238000,PORO,25212,5467,291,657,948,2046,1553,3599
Haiyan,PH072242000,SAN FRANCISCO,55180,10247,3420,444,3864,2606,1939,4545
Haiyan,PH072243000,SAN REMIGIO,57557,11369,4023,4997,9020,3159,6424,9583
Haiyan,PH072244000,SANTA FE,28603,5395,2027,2327,4354,2129,3980,6109
Haiyan,PH072247000,SOGOD,35108,7034,2359,446,2805,2325,1230,3555
Haiyan,PH072248000,TABOGON,39013,7215,1120,2606,3726,2950,4040,6990
Haiyan,PH072249000,TABUELAN,25630,5278,2647,2175,4822,2015,2079,4094
Haiyan,PH072252000,TUBURAN,63866,13730,4297,577,4874,3473,1883,5357
Haiyan,PH072253000,TUDELA,11296,2576,136,1361,1497,1077,772,1849
Haiyan,PH082602000,BALANGIGA,14085,2685,370,2919,3289,1417,983,2400
Haiyan,PH082603000,BALANGKAYAN,10125,1935,1341,584,1925,657,122,779
Haiyan,PH082607000,GENERAL MACARTHUR,14550,2351,1485,1529,3014,1452,667,2119
Haiyan,PH082608000,GIPORLOS,13308,2492,2971,1000,3971,1112,974,2086
Haiyan,PH082609000,GUIUAN,52991,10002,1601,10008,11609,3865,7387,11251
Haiyan,PH082610000,HERNANI,8573,1637,337,1655,1992,751,277,1028
Haiyan,PH082612000,LAWAAN,12742,2410,1,2866,2867,1223,870,2093
Haiyan,PH082613000,LLORENTE,20149,4087,3391,673,4064,1459,318,1778
Haiyan,PH082615000,MAYDOLONG,14743,2767,406,1770,2176,907,219,1126
Haiyan,PH082616000,MERCEDES,6070,1133,183,1142,1325,758,560,1318
Haiyan,PH082618000,QUINAPONDAN,14779,2651,582,2538,3120,1292,1023,2315
Haiyan,PH082619000,SALCEDO,22532,4191,1344,2561,3905,2242,1381,3623
Haiyan,PH083701000,ABUYOG,59571,12431,8006,4270,12276,5747,3233,8980
Haiyan,PH083702000,ALANGALANG,55235,10004,3820,5873,9693,4726,5761,10486
Haiyan,PH083703000,ALBUERA,46332,9182,3263,4365,7628,4330,4425,8755
Haiyan,PH083705000,BABATNGON,27797,5249,2571,997,3568,2239,1211,3450
Haiyan,PH083706000,BARUGO,32745,6148,2578,3825,6403,3948,2292,6241
Haiyan,PH083708000,CITY OF BAYBAY,109432,23475,15666,6215,21881,7602,4127,11729
Haiyan,PH083710000,BURAUEN,52732,10594,3501,6526,10027,5748,5936,11684
Haiyan,PH083713000,CALUBIAN,31228,7052,2447,2283,4730,2244,1396,3640
Haiyan,PH083714000,CAPOOCAN,33617,6173,2222,3516,5738,3352,2935,6286
Haiyan,PH083715000,CARIGARA,51345,9868,6163,4547,10710,3762,5185,8947
Haiyan,PH083717000,DAGAMI,35147,6734,1,6772,6773,3684,4353,8037
Haiyan,PH083718000,DULAG,47300,9101,780,8104,8884,4449,6006,10456
Haiyan,PH083722000,ISABEL,46915,10075,3508,5767,9275,2425,4858,7283
Haiyan,PH083723000,JARO,43199,8524,372,7020,7392,4908,4208,9116
Haiyan,PH083724000,JAVIER (BUGHO),25379,5187,1921,3159,5080,2307,2328,4636
Haiyan,PH083725000,JULITA,15114,3074,323,2807,3130,1584,1991,3575
Haiyan,PH083726000,KANANGA,56575,10446,158,9295,9453,5106,5549,10655
Haiyan,PH083728000,LA PAZ,19998,4250,1540,2531,4071,2179,2064,4243
Haiyan,PH083729000,LEYTE,40639,7625,6725,2389,9114,4205,2175,6380
Haiyan,PH083730000,MACARTHUR,21211,4085,243,3741,3984,2265,2030,4295
Haiyan,PH083731000,MAHAPLAG,27823,5838,2660,250,2910,2828,1239,4067
Haiyan,PH083733000,MATAG-OB,18373,3911,1372,2264,3636,1566,2566,4132
Haiyan,PH083735000,MAYORGA,17161,3197,1191,2063,3254,1885,2218,4103
Haiyan,PH083736000,MERIDA,29863,6715,1191,2501,3692,2200,3532,5732
Haiyan,PH083738000,ORMOC CITY,215031,41996,26549,14132,40681,17038,22806,39845
Haiyan,PH083739000,PALO,70052,12911,1435,13481,14916,6564,7828,14392
Haiyan,PH083740000,PALOMPON,58108,12818,4359,7165,11524,1739,6392,8132
Haiyan,PH083741000,PASTRANA,18002,3536,298,3355,3653,2026,2177,4202
Haiyan,PH083742000,SAN ISIDRO,31641,6963,2003,2960,4963,2534,2096,4630
Haiyan,PH083743000,SAN MIGUEL,19420,3663,1413,2323,3736,2261,1067,3328
Haiyan,PH083744000,SANTA FE,20439,3655,315,2082,2397,2259,2165,4425
Haiyan,PH083745000,TABANGO,34195,7226,2570,4224,6794,2849,3692,6541
Haiyan,PH083746000,TABONTABON,11204,2167,792,1301,2093,1201,1573,2774
Haiyan,PH083747000,TACLOBAN CITY (Capital),242089,45478,46553,12270,58823,18319,13119,31438
Haiyan,PH083748000,TANAUAN,55021,10979,3994,6670,10664,4977,6550,11527
Haiyan,PH083749000,TOLOSA,20978,3922,1416,2397,3813,2315,2266,4581
Haiyan,PH083750000,TUNGA,7584,1323,139,1247,1386,887,646,1533
Haiyan,PH083751000,VILLABA,41891,9198,3123,5136,8259,3200,5511,8711
Haiyan,PH086002000,BASEY,55480,10594,1,1161,1162,3516,1732,5248
Haiyan,PH086006000,DARAM,42879,7733,1,658,659,2646,486,3132
Haiyan,PH086010000,MARABUT,16962,3138,858,2272,3130,1603,875,2477
Haiyan,PH086017000,SANTA RITA,41591,7584,3002,1155,4157,3287,1147,4434
Haiyan,PH086019000,TALALORA,8057,1536,1314,248,1562,606,130,736
Haiyan,PH086416000,SILAGO,12775,2852,874,135,1009,1150,490,1639
Haiyan,PH087801000,ALMERIA,16951,3621,1186,422,1608,487,65,552
Haiyan,PH087802000,BILIRAN,16882,3425,2226,1261,3487,611,254,864
Haiyan,PH087803000,CABUCGAYAN,20788,4177,2898,1177,4075,1017,683,1700
Haiyan,PH087804000,CAIBIRAN,22524,4187,1039,426,1465,1126,161,1286
Haiyan,PH087805000,CULABA,12325,2517,795,107,902,372,69,441
Haiyan,PH087808000,NAVAL (Capital),54692,10371,4957,1767,6724,1123,41,1164
Haiyan,PH168505000,LORETO,9309,2182,874,245,1119,441,319,759
Haiyan,PH175302000,AGUTAYA,12545,2586,422,1218,1640,448,468,917
Haiyan,PH175307000,BUSUANGA,22046,4337,2607,1580,4187,1109,935,2045
Haiyan,PH175309000,CORON,51803,9407,5021,3304,8325,2751,2767,5518
Haiyan,PH175310000,CUYO,22360,4513,426,22,448,698,48,746
Haiyan,PH175313000,LINAPACAN,15668,2760,545,22,567,261,107,368
Haiyan,PH175322000,CULION,20139,4131,1478,1522,3000,906,1328,2234
Haima,PH012801000,ADAMS,1792,380,50,0,50,103,15,118
Haima,PH012802000,BACARRA,32215,7585,351,53,404,1348,148,1496
Haima,PH012803000,BADOC,31616,6922,1618,137,1755,876,242,1118
Haima,PH012804000,BANGUI,14672,3554,332,7,339,832,133,964
Haima,PH012805000,CITY OF BATAC,55201,12337,212,0,212,1436,65,1501
Haima,PH012806000,BURGOS,9777,2206,375,0,375,505,122,628
Haima,PH012807000,CARASI,1567,278,30,0,30,55,10,65
Haima,PH012808000,CURRIMAO,12184,2598,89,2,91,566,19,585
Haima,PH012809000,DINGRAS,38562,8157,162,6,168,1167,102,1269
Haima,PH012810000,DUMALNEG,2947,310,9,2,11,109,7,117
Haima,PH012811000,BANNA (ESPIRITU),19438,4031,158,16,174,885,60,945
Haima,PH012812000,LAOAG CITY (Capital),111125,23892,485,39,524,1629,576,2205
Haima,PH012813000,MARCOS,17777,3699,48,2,50,850,66,916
Haima,PH012814000,NUEVA ERA,9506,1652,190,156,346,249,2,251
Haima,PH012815000,PAGUDPUD,23770,4872,677,21,698,1547,364,1911
Haima,PH012816000,PAOAY,24866,5506,896,25,921,1126,54,1180
Haima,PH012817000,PASUQUIN,28980,6307,236,17,253,1660,357,2017
Haima,PH012818000,PIDDIG,21497,4655,53,6,59,1063,67,1130
Haima,PH012819000,PINILI,17300,3718,895,60,955,468,62,530
Haima,PH012820000,SAN NICOLAS,36736,7868,72,0,72,707,199,907
Haima,PH012821000,SARRAT,25212,5607,71,2,73,913,74,987
Haima,PH012822000,SOLSONA,24121,5116,205,28,233,929,239,1168
Haima,PH012823000,VINTAR,32220,7308,52,2,54,1881,-70,1811
Haima,PH012901000,ALILEM,6695,1358,59,1,60,22,4,26
Haima,PH012902000,BANAYOYO,7748,1653,241,5,246,64,13,77
Haima,PH012903000,BANTAY,35731,7660,5,107,112,1433,128,1561
Haima,PH012904000,BURGOS,12224,2563,956,1,957,439,34,473
Haima,PH012905000,CABUGAO,37501,7716,1535,192,1727,1094,432,1527
Haima,PH012906000,CITY OF CANDON,60623,13524,954,94,1048,571,61,633
Haima,PH012907000,CAOAYAN,19861,4311,87,1,88,609,65,675
Haima,PH012908000,CERVANTES,17211,3292,20,6,26,137,-4,133
Haima,PH012909000,GALIMUYOD,10748,2127,289,7,296,97,17,113
Haima,PH012910000,GREGORIO DEL PILAR (CONCEPCION),4875,849,71,0,71,66,12,78
Haima,PH012911000,LIDLIDDA,4647,917,203,4,207,67,20,88
Haima,PH012912000,MAGSINGAL,30792,6431,1202,51,1253,1001,137,1138
Haima,PH012913000,NAGBUKEL,5259,1093,300,250,550,217,21,238
Haima,PH012914000,NARVACAN,44006,9432,3521,236,3757,1236,135,1371
Haima,PH012915000,QUIRINO (ANGKAKI),8573,1673,42,30,72,75,-12,63
Haima,PH012916000,SALCEDO (BAUGEN),11288,2478,11,11,22,96,2,98
Haima,PH012917000,SAN EMILIO,7407,1456,129,0,129,56,0,56
Haima,PH012918000,SAN ESTEBAN,8349,1831,575,29,604,237,1,238
Haima,PH012919000,SAN ILDEFONSO,7787,1560,73,2,75,256,29,286
Haima,PH012920000,SAN JUAN (LAPOG),26411,5962,33,831,864,629,72,702
Haima,PH012921000,SAN VICENTE,12758,2638,183,21,204,372,50,423
Haima,PH012922000,SANTA,15340,3350,573,23,596,625,60,686
Haima,PH012923000,SANTA CATALINA,13945,2832,18,318,336,415,50,465
Haima,PH012924000,SANTA CRUZ,39868,8478,2,0,2,677,24,701
Haima,PH012925000,SANTA LUCIA,25402,5455,763,3,766,155,43,197
Haima,PH012926000,SANTA MARIA,30321,6348,1898,185,2083,654,90,743
Haima,PH012927000,SANTIAGO,18759,4121,246,0,246,267,50,317
Haima,PH012928000,SANTO DOMINGO,27975,6079,139,9,148,837,83,920
Haima,PH012929000,SIGAY,2737,466,17,0,17,18,6,24
Haima,PH012930000,SINAIT,25640,5942,164,27,191,1041,68,1109
Haima,PH012931000,SUGPON,4585,854,59,0,59,43,21,64
Haima,PH012932000,SUYO,11446,2273,62,2,64,107,-5,102
Haima,PH012933000,TAGUDIN,39277,8062,302,302,604,307,72,379
Haima,PH012934000,CITY OF VIGAN (Capital),53879,10890,156,156,312,991,152,1142
Haima,PH013301000,AGOO,63692,12619,0,7,7,-8,30,22
Haima,PH013302000,ARINGAY,47458,9739,24,0,24,351,25,376
Haima,PH013304000,BAGULIN,13456,2572,313,28,341,8,7,15
Haima,PH013305000,BALAOAN,39188,8129,15,0,15,90,157,248
Haima,PH013306000,BANGAR,35947,7369,329,4,333,-104,180,77
Haima,PH013307000,BAUANG,75032,15920,68,2,70,290,366,656
Haima,PH013308000,BURGOS,8067,1633,14,4,18,57,21,78
Haima,PH013311000,NAGUILIAN,54221,10753,3,0,3,289,26,316
Haima,PH013312000,PUGO,19690,3614,1,0,1,41,10,50
Haima,PH013316000,SAN JUAN,37188,7737,88,3,91,142,178,320
Haima,PH013317000,SANTO TOMAS,39092,7986,1,0,1,163,40,203
Haima,PH013318000,SANTOL,12476,2684,4,0,4,-5,48,43
Haima,PH013319000,SUDIPEN,17056,3570,6,1,7,58,66,123
Haima,PH021501000,ABULUG,32497,6849,1554,108,1662,1497,154,1652
Haima,PH021502000,ALCALA,38883,8735,2266,516,2782,2861,852,3713
Haima,PH021503000,ALLACAPAN,33571,7660,2041,134,2175,2210,-9,2200
Haima,PH021504000,AMULUNG,47860,9694,1474,197,1671,2544,571,3115
Haima,PH021505000,APARRI,65649,12990,1021,120,1141,1986,471,2457
Haima,PH021506000,BAGGAO,82782,18012,3464,867,4331,6931,1809,8740
Haima,PH021507000,BALLESTEROS,34299,7926,2122,158,2280,1924,201,2124
Haima,PH021508000,BUGUEY,30175,6462,1714,208,1922,1360,251,1611
Haima,PH021512000,ENRILE,35834,6764,5672,1361,7033,1666,417,2083
Haima,PH021515000,IGUIG,27862,5553,4490,1063,5553,1463,798,2261
Haima,PH021516000,LAL-LO,44506,9628,640,125,765,4741,983,5724
Haima,PH021517000,LASAM,39135,8663,2679,184,2863,2975,156,3131
Haima,PH021518000,PAMPLONA,23596,5206,3467,63,3530,1442,199,1641
Haima,PH021519000,PE��ABLANCA,48584,9249,7066,1025,8091,4157,1489,5647
Haima,PH021520000,PIAT,23597,5273,682,227,909,1184,123,1307
Haima,PH021521000,RIZAL,17994,3754,2150,252,2402,1915,194,2108
Haima,PH021522000,SANCHEZ-MIRA,24541,5286,2539,38,2577,706,176,882
Haima,PH021525000,SANTA TERESITA,19038,3838,420,61,481,1154,230,1385
Haima,PH021526000,SANTO NI��O (FAIRE),27219,6122,3960,1202,5162,2670,165,2834
Haima,PH021529000,TUGUEGARAO CITY (Capital),153502,29649,16534,6571,23105,2987,960,3947
Haima,PH023101000,ALICIA,71504,15197,237,24,261,123,16,139
Haima,PH023103000,AURORA,35017,7726,395,16,411,521,-60,461
Haima,PH023104000,BENITO SOLIVEN,29624,6081,423,29,452,335,-12,323
Haima,PH023105000,BURGOS,23784,5234,1097,73,1170,294,83,376
Haima,PH023106000,CABAGAN,50174,9263,5665,1403,7068,3696,671,4367
Haima,PH023107000,CABATUAN,39413,8595,460,27,487,512,-52,460
Haima,PH023108000,CITY OF CAUAYAN,129523,27954,1732,122,1854,1490,-235,1256
Haima,PH023109000,CORDON,42926,9527,99,34,133,356,32,389
Haima,PH023111000,DIVILACAN,5687,1060,444,236,680,598,159,757
Haima,PH023113000,GAMU,29904,6477,1368,104,1472,338,83,421
Haima,PH023114000,ILAGAN CITY (Capital),145568,31237,5094,923,6017,4491,923,5413
Haima,PH023116000,LUNA,19326,4308,340,77,417,297,-19,278
Haima,PH023117000,MACONACON,4253,817,82,409,491,474,118,592
Haima,PH023118000,DELFIN ALBANO (MAGSAYSAY),26614,5948,3448,1243,4691,981,260,1242
Haima,PH023119000,MALLIG,30459,6454,369,24,393,197,146,344
Haima,PH023120000,NAGUILIAN,31902,6714,62,10,72,558,38,596
Haima,PH023122000,QUEZON,25860,5398,2419,455,2874,387,230,617
Haima,PH023123000,QUIRINO,24501,5591,176,32,208,390,128,518
Haima,PH023124000,RAMON,52707,11339,14,12,26,152,-26,127
Haima,PH023125000,REINA MERCEDES,26998,5191,643,60,703,417,41,458
Haima,PH023126000,ROXAS,61773,13329,1875,90,1965,894,55,948
Haima,PH023127000,SAN AGUSTIN,22880,5106,16,0,16,51,3,54
Haima,PH023128000,SAN GUILLERMO,20200,4122,61,1,62,387,-4,384
Haima,PH023129000,SAN ISIDRO,24861,5157,132,17,149,-18,-11,-29
Haima,PH023130000,SAN MANUEL,31896,7127,835,67,902,354,-47,307
Haima,PH023133000,SAN PABLO,25384,4451,1484,173,1657,3027,382,3409
Haima,PH023134000,SANTA MARIA,25382,4244,3411,1087,4498,1827,552,2379
Haima,PH023135000,CITY OF SANTIAGO,134830,30823,19,0,19,1039,-21,1018
Haima,PH023136000,SANTO TOMAS,23005,4583,1571,567,2138,1080,366,1446
Haima,PH023137000,TUMAUINI,67650,12473,7442,877,8319,2807,404,3210
Haima,PH025001000,AMBAGUIO,15250,2953,92,0,92,55,6,60
Haima,PH025002000,ARITAO,37225,8398,74,1,75,88,2,90
Haima,PH025004000,BAMBANG,53433,11496,11,4,15,0,5,5
Haima,PH025005000,BAYOMBONG (Capital),61512,13407,43,4,47,104,23,127
Haima,PH025007000,DUPAX DEL NORTE,27514,5936,10,1,11,124,-4,121
Haima,PH025010000,KAYAPA,23714,4342,266,3,269,89,23,112
Haima,PH025013000,SOLANO,59517,13546,31,2,33,156,64,220
Haima,PH025701000,AGLIPAY,27787,5878,180,0,180,138,15,154
Haima,PH025702000,CABARROGUIS (Capital),30582,6627,46,0,46,-115,22,-93
Haima,PH025703000,DIFFUN,52569,11090,10,1,11,-8,24,16
Haima,PH025704000,MADDELA,38499,8131,4,1,5,-8,26,18
Haima,PH025705000,SAGUDAY,16070,3397,15,0,15,38,-6,32
Haima,PH025706000,NAGTIPUNAN,23484,4647,110,0,110,77,0,77
Haima,PH036906000,GERONA,87531,19213,2,0,2,-56,4,-52
Haima,PH036912000,RAMOS,21350,4434,4,1,5,83,12,95
Haima,PH037702000,CASIGURAN,24313,5309,81,0,81,18,27,45
Haima,PH037703000,DILASAG,15835,3583,4,0,4,-11,-13,-24
Haima,PH037704000,DINALUNGAN,11322,2443,63,4,67,56,-8,48
Haima,PH140101000,BANGUED (Capital),48163,9779,699,85,784,1012,271,1283
Haima,PH140102000,BOLINEY,3573,822,43,0,43,109,31,139
Haima,PH140103000,BUCAY,17115,3617,1166,83,1249,766,98,864
Haima,PH140104000,BUCLOC,2501,414,35,3,38,115,25,140
Haima,PH140105000,DAGUIOMAN,2088,327,9,0,9,53,17,70
Haima,PH140106000,DANGLAS,4192,950,247,76,323,110,36,146
Haima,PH140107000,DOLORES,11315,2418,356,25,381,374,101,475
Haima,PH140108000,LA PAZ,15437,3173,405,27,432,767,137,904
Haima,PH140110000,LAGANGILANG,14255,2817,495,33,528,715,98,812
Haima,PH140111000,LAGAYAN,4499,904,369,64,433,158,43,201
Haima,PH140112000,LANGIDEN,3198,685,193,26,219,72,32,103
Haima,PH140113000,LICUAN-BAAY (LICUAN),4689,832,55,2,57,140,42,182
Haima,PH140114000,LUBA,6339,1282,102,0,102,278,31,309
Haima,PH140115000,MALIBCONG,3428,723,47,1,48,76,22,98
Haima,PH140116000,MANABO,10761,2264,472,23,495,620,91,711
Haima,PH140117000,PE��ARRUBIA,6640,1388,179,36,215,287,68,354
Haima,PH140118000,PIDIGAN,12185,2433,806,63,869,489,79,567
Haima,PH140119000,PILAR,10223,2107,21,2,23,544,108,653
Haima,PH140120000,SALLAPADAN,6622,1245,290,9,299,298,50,349
Haima,PH140121000,SAN ISIDRO,4574,1038,311,1,312,246,67,314
Haima,PH140122000,SAN JUAN,9867,2274,40,0,40,435,82,517
Haima,PH140123000,SAN QUINTIN,5438,1152,216,29,245,216,59,274
Haima,PH140124000,TAYUM,14467,2951,653,35,688,461,109,570
Haima,PH140125000,TINEG,5097,903,47,4,51,223,42,265
Haima,PH140127000,VILLAVICIOSA,5392,1128,378,68,446,298,44,342
Haima,PH141101000,ATOK,19668,4158,15,1,16,60,-17,43
Haima,PH141102000,BAGUIO CITY,345366,78313,171,12,183,257,87,344
Haima,PH141103000,BAKUN,15357,2828,65,2,67,33,3,35
Haima,PH141104000,BOKOD,13756,2646,223,16,239,87,-1,86
Haima,PH141105000,BUGUIAS,43627,8785,226,19,245,263,-1,262
Haima,PH141106000,ITOGON,59820,11865,185,4,189,192,2,194
Haima,PH141107000,KABAYAN,15260,2697,29,5,34,65,3,68
Haima,PH141108000,KAPANGAN,19361,4126,79,8,87,61,-1,60
Haima,PH141109000,KIBUNGAN,17292,3769,210,23,233,121,6,127
Haima,PH141110000,LA TRINIDAD (Capital),129133,26717,6,6,12,-82,29,-53
Haima,PH141111000,MANKAYAN,35953,7479,183,6,189,164,19,183
Haima,PH141112000,SABLAN,11457,2315,62,7,69,86,3,89
Haima,PH141113000,TUBA,47648,9646,41,6,47,253,-11,242
Haima,PH141114000,TUBLAY,17892,3409,115,3,118,43,3,46
Haima,PH142701000,BANAUE,21837,4385,395,11,406,141,-5,135
Haima,PH142702000,HUNGDUAN,9400,1967,79,6,85,65,2,67
Haima,PH142703000,KIANGAN,17048,3119,57,12,69,108,-1,107
Haima,PH142704000,LAGAWE (Capital),19333,3703,33,0,33,104,3,108
Haima,PH142705000,LAMUT,25279,4937,42,9,51,114,10,124
Haima,PH142706000,MAYOYAO,17331,3514,33,0,33,128,12,140
Haima,PH142707000,ALFONSO LISTA (POTIA),32119,6190,74,0,74,346,14,360
Haima,PH142708000,AGUINALDO,19408,4100,167,0,167,93,-10,83
Haima,PH142709000,HINGYON,9227,2073,101,3,104,52,3,55
Haima,PH142710000,TINOC,16559,2814,19,1,20,87,4,92
Haima,PH142711000,ASIPULO,15261,2677,8,0,8,54,-1,54
Haima,PH143201000,BALBALAN,12195,2137,284,16,300,166,84,250
Haima,PH143206000,LUBUAGAN,8733,1823,700,9,709,90,0,90
Haima,PH143208000,PASIL,9644,1683,123,24,147,71,-8,62
Haima,PH143209000,PINUKPUK,32026,5512,3475,342,3817,2267,199,2466
Haima,PH143211000,RIZAL (LIWAN),17038,3433,1920,527,2447,1675,621,2297
Haima,PH143213000,CITY OF TABUK (Capital),110642,20335,4934,667,5601,2478,137,2615
Haima,PH143214000,TANUDAN,9534,1414,74,2,76,95,-5,90
Haima,PH143215000,TINGLAYAN,12868,2305,149,14,163,209,-5,205
Haima,PH144401000,BARLIG,4819,1553,66,7,73,28,1,30
Haima,PH144402000,BAUKO,31065,6253,254,7,261,241,15,256
Haima,PH144403000,BESAO,7040,1830,169,4,173,51,13,64
Haima,PH144404000,BONTOC (Capital),24643,5810,55,5,60,311,22,334
Haima,PH144405000,NATONIN,10272,1969,217,0,217,140,18,158
Haima,PH144406000,PARACELIS,28121,5171,430,25,455,706,-24,683
Haima,PH144407000,SABANGAN,9315,1953,130,6,136,66,12,78
Haima,PH144408000,SADANGA,8799,1783,183,5,188,173,3,176
Haima,PH144409000,SAGADA,11127,2677,185,4,189,133,20,153
Haima,PH144410000,TADIAN,19389,4049,214,7,221,121,20,141
Haima,PH148101000,CALANASAN (BAYAG),12604,2208,402,27,429,407,445,852
Haima,PH148102000,CONNER,26051,4792,4112,163,4275,918,235,1154
Haima,PH148103000,FLORA,17391,3727,1737,22,1759,1853,739,2591
Haima,PH148104000,KABUGAO (Capital),15537,3116,1186,80,1266,398,59,457
Haima,PH148105000,LUNA,19063,3849,3600,65,3665,1921,637,2558
Haima,PH148106000,PUDTOL,14925,2900,1341,114,1455,1480,410,1890
Haima,PH148107000,SANTA MARCELA,13613,2745,1092,97,1189,1010,519,1529
